patient_description,needed_emergency_care
"A 32-year-old man. Symptoms: severe abdominal pain moving to the right lower side, vomiting, cannot stand up straight. Relevant history: none.",yes
"A 83-year-old man. Symptoms: single episode of painless red urine this morning, urine now clear, feeling fine. Relevant history: ex-smoker (20 pack-years).",no
A 63-year-old woman. Symptoms: sudden severe shortness of breath and sharp chest pain after a long-haul flight. Relevant history: on oral contraceptives.,yes
"A 32-year-old woman. Symptoms: single episode of painless red urine this morning, urine now clear, feeling fine. Relevant history: ex-smoker (20 pack-years).",no
A 33-year-old woman. Symptoms: sudden severe shortness of breath and sharp chest pain after a long-haul flight. Relevant history: on oral contraceptives.,yes
"A 45-year-old man. Symptoms: two days of watery diarrhea, drinking fluids well, no blood, no fever. Relevant history: recent restaurant meal.",no
"A 71-year-old man. Symptoms: shortness of breath at rest and coughing pink frothy sputum since last night. Relevant history: heart failure, missed diuretics for three days.",yes
"A 46-year-old woman. Symptoms: single episode of painless red urine this morning, urine now clear, feeling fine. Relevant history: ex-smoker (20 pack-years).",no
A 22-year-old man. Symptoms: black tarry stools for two days and now feeling faint when standing. Relevant history: takes ibuprofen daily for back pain.,yes
"A 85-year-old woman. Symptoms: tension-type headache at the end of workdays for the past week, relieved by paracetamol. Relevant history: none.",no
"A 48-year-old woman. Symptoms: sudden weakness of the right arm and slurred speech starting one hour ago. Relevant history: atrial fibrillation, not on anticoagulation.",yes
"A 47-year-old woman. Symptoms: occasional heart flutters lasting a few seconds when stressed, none today. Relevant history: anxiety.",no
A 23-year-old woman. Symptoms: black tarry stools for two days and now feeling faint when standing. Relevant history: takes ibuprofen daily for back pain.,yes
"A 27-year-old man. Symptoms: itchy rash on both forearms after gardening yesterday, otherwise well. Relevant history: seasonal allergies.",no
"A 75-year-old man. Symptoms: severe abdominal pain moving to the right lower side, vomiting, cannot stand up straight. Relevant history: none.",yes
"A 28-year-old woman. Symptoms: runny nose, sneezing, and a mild sore throat for two days, no fever. Relevant history: none.",no
"A 21-year-old woman. Symptoms: shortness of breath at rest and coughing pink frothy sputum since last night. Relevant history: heart failure, missed diuretics for three days.",yes
"A 54-year-old woman. Symptoms: mild lower back ache after lifting boxes at the weekend, improving with rest. Relevant history: none.",no
"A 57-year-old man. Symptoms: sudden weakness of the right arm and slurred speech starting one hour ago. Relevant history: atrial fibrillation, not on anticoagulation.",yes
"A 79-year-old man. Symptoms: single episode of painless red urine this morning, urine now clear, feeling fine. Relevant history: ex-smoker (20 pack-years).",no
"A 40-year-old woman. Symptoms: severe abdominal pain moving to the right lower side, vomiting, cannot stand up straight. Relevant history: none.",yes
"A 59-year-old man. Symptoms: mild lower back ache after lifting boxes at the weekend, improving with rest. Relevant history: none.",no
A 33-year-old woman. Symptoms: black tarry stools for two days and now feeling faint when standing. Relevant history: takes ibuprofen daily for back pain.,yes
"A 39-year-old man. Symptoms: single episode of painless red urine this morning, urine now clear, feeling fine. Relevant history: ex-smoker (20 pack-years).",yes
A 76-year-old man. Symptoms: black tarry stools for two days and now feeling faint when standing. Relevant history: takes ibuprofen daily for back pain.,yes
"A 55-year-old woman. Symptoms: runny nose, sneezing, and a mild sore throat for two days, no fever. Relevant history: none.",no
"A 75-year-old man. Symptoms: sudden weakness of the right arm and slurred speech starting one hour ago. Relevant history: atrial fibrillation, not on anticoagulation.",yes
"A 67-year-old man. Symptoms: tension-type headache at the end of workdays for the past week, relieved by paracetamol. Relevant history: none.",no
"A 86-year-old woman. Symptoms: shortness of breath at rest and coughing pink frothy sputum since last night. Relevant history: heart failure, missed diuretics for three days.",yes
"A 67-year-old woman. Symptoms: occasional heart flutters lasting a few seconds when stressed, none today. Relevant history: anxiety.",no
A 33-year-old woman. Symptoms: sudden severe shortness of breath and sharp chest pain after a long-haul flight. Relevant history: on oral contraceptives.,yes
"A 54-year-old woman. Symptoms: mild lower back ache after lifting boxes at the weekend, improving with rest. Relevant history: none.",no
"A 82-year-old woman. Symptoms: crushing chest pain radiating to the left arm for 40 minutes, sweating and nauseated. Relevant history: hypertension, high cholesterol.",yes
"A 43-year-old woman. Symptoms: occasional heart flutters lasting a few seconds when stressed, none today. Relevant history: anxiety.",no
"A 75-year-old woman. Symptoms: sudden weakness of the right arm and slurred speech starting one hour ago. Relevant history: atrial fibrillation, not on anticoagulation.",yes
"A 28-year-old man. Symptoms: tension-type headache at the end of workdays for the past week, relieved by paracetamol. Relevant history: none.",no
A 36-year-old woman. Symptoms: black tarry stools for two days and now feeling faint when standing. Relevant history: takes ibuprofen daily for back pain.,yes
"A 58-year-old man. Symptoms: tension-type headache at the end of workdays for the past week, relieved by paracetamol. Relevant history: none.",no
A 27-year-old man. Symptoms: black tarry stools for two days and now feeling faint when standing. Relevant history: takes ibuprofen daily for back pain.,yes
"A 56-year-old woman. Symptoms: two days of watery diarrhea, drinking fluids well, no blood, no fever. Relevant history: recent restaurant meal.",yes
"A 67-year-old man. Symptoms: sudden weakness of the right arm and slurred speech starting one hour ago. Relevant history: atrial fibrillation, not on anticoagulation.",yes
"A 37-year-old man. Symptoms: two days of watery diarrhea, drinking fluids well, no blood, no fever. Relevant history: recent restaurant meal.",yes
"A 55-year-old woman. Symptoms: crushing chest pain radiating to the left arm for 40 minutes, sweating and nauseated. Relevant history: hypertension, high cholesterol.",yes
"A 25-year-old woman. Symptoms: tension-type headache at the end of workdays for the past week, relieved by paracetamol. Relevant history: none.",yes
"A 37-year-old woman. Symptoms: fever of 39.5 C, confusion, and a rapidly spreading purple rash on the legs. Relevant history: none.",yes
"A 75-year-old man. Symptoms: runny nose, sneezing, and a mild sore throat for two days, no fever. Relevant history: none.",no
"A 53-year-old woman. Symptoms: worst headache of my life, started abruptly 30 minutes ago, now with neck stiffness. Relevant history: none.",no
"A 64-year-old man. Symptoms: itchy rash on both forearms after gardening yesterday, otherwise well. Relevant history: seasonal allergies.",no
